"uuid","age","country","gender","playcount","age_scrobbles","user_type","registered","firstscrobble","lastscrobble"
"41bf523d-e0de-4b9e-b46d-249ce2929edf",25,"US","m",110703,2118,"user",1184465726,1184463764,1367469268
"4f68212e-8457-41a7-b0bb-a1a057c0a1d8",23,"UK","m",27097,1970,"user",1202240458,1218504118,1372449422
"9b86e7fa-4148-4387-9e46-b6a18c418f46",36,"IT","m",85222,2635,"user",1141829002,1141983002,1368813368
"543f7332-40d6-4317-be7a-6ffba8bcfd9b",21,"PL","m",29045,1076,"user",1264628716,1264628988,1357580024
"38ab6524-a75f-46b1-acf0-74d0ae739e5a",44,"JP","m",159655,2549,"user",1159450699,1159520774,1379604168
"44d3bd09-0ba6-426b-8534-bdfc17d3efc5",26,"FI","m",66674,1546,"user",1217161474,1217161777,1353072386
"400580f1-91ce-4d05-bb85-f05b42cd70e8",21,"UK","m",23556,1169,"user",1268613737,1268614400,1369665927
"12099b52-2454-4307-88dd-a54ba34ec727",18,"PL","f",13220,797,"user",1311588401,1311590925,1378222835
"4b27210a-3e92-41eb-b1b1-8eeef697f421",19,"UA","m",23277,1033,"user",1290341721,1324238853,1379628498
"8e2eede3-4197-4203-9329-174400840b09",20,"NL","m",43418,1088,"user",1268687772,1268748565,1362698500
"28150feb-60e0-4f13-850b-1185139f4191",32,"UK","m",90430,3132,"user",1091394231,1108387320,1361980533
"36dcd7bd-860b-407f-8838-ae0916fa6a11",18,"PL","f",81945,1925,"user",1204741645,1208445189,1371063935
"4e890b52-1e19-40bc-927a-e77f36f147ac",20,"SE","m",79358,1752,"user",1204653694,1204654156,1356111349
"61a34234-0565-47e2-98c9-be949493188d",26,"ES","n",221062,1847,"user",1219758404,1219775095,1375958815
"1e485aa8-5c62-41bf-9a8d-ea761e3b2fb9",19,"CL","f",32835,1970,"user",1198613187,1230218110,1366948687
"eba2e239-5df8-41c3-94c9-ffa523d827cb",78,"SG","n",46577,3096,"user",1111321279,1111324725,1378886808
"61e14795-ff34-4f7a-b593-f69b8e207a7e",19,"PL","f",26305,1374,"user",1247063985,1247064493,1365277306
"0b585a37-29e4-4bb0-a707-e03a464119b8",23,"BE","m",52140,1731,"user",1216400639,1365971146,1216408310
"bfb8f19f-fa04-4211-8167-781a72550001",28,"ES","m",142801,3149,"user",1098371824,1200364747,1370458695
"872b45cb-039d-4e99-a317-54d30491acce",24,"US","m",49806,2894,"user",1121876969,1121877442,1371745059
"c7e50cf6-046c-4895-b8e4-3bf6eab783b5",24,"BE","m",26648,1364,"user",1232824424,1232824658,1354274109
"0c015c8d-362e-4213-be47-f1673566a959",21,"BR","f",40463,1082,"user",1263138875,1263219632,1356570839
"5560546e-bf41-4731-870a-cb92dcb187fa",19,"NL","m",12786,1030,"user",1269806778,1269807613,1358285351
"df740722-3c0e-400f-bc0c-c92b3d8323b6",22,"US","f",39243,1028,"user",1291151171,1291153330,1379939555
"21cb7495-8f7f-4958-8060-6c0c5274eed0",28,"US","m",58161,2106,"user",1192048655,1192091096,1373934925
"c5d9caad-b4f3-4c9f-900e-b30849732ae6",28,"CA","m",68970,3087,"user",1102871486,1108341899,1366868534
"3178b435-d52c-4c15-b8a2-d38f51512c97",31,"FR","m",22387,2158,"user",1185821346,1185817905,1364929652
"fe666e09-d748-4883-831c-7d20b6a37c82",34,"UK","m",33186,1486,"user",1234614632,1362579587,1234713270
"8f2b6926-271e-44e6-a29a-b539c4373e5f",20,"DE","m",19141,1121,"user",1272975976,1272982546,1369003583
"6f34819d-f70b-457f-a139-5d87ff2b3fdb",22,"BR","f",132547,1331,"user",1259369676,1259790864,1374099258
"3cd21ad1-1fa1-4ea9-b3d7-d509ca9bd4e4",31,"UK","f",31354,1896,"user",1186869408,1186865926,1354214846
"6becca84-1a27-4ec6-8c78-441108ca40dc",21,"BR","m",101772,2190,"user",1174859205,1174880371,1353773062
"0d9d8cf6-c866-4310-9c9d-baf3e5f7f961",19,"BY","m",20765,884,"user",1281179342,1293580510,1357570659
"c64e7efe-6a1b-4286-b8e7-54be0b807f40",29,"US","f",10822,1138,"user",1269989544,1270006743,1358020944
"6803151f-1be5-4c61-a788-29d613d95b30",22,"PL","m",51624,1936,"user",1188662097,1188659495,1353521076
"6464797a-f413-49b9-ab90-df89752b11b0",20,"RS","m",26189,1131,"user",1272111146,1296899454,1369168688
"05e751dd-5f72-49fc-a378-2d60ba8b1c8b",22,"US","m",80982,991,"user",1294350289,1294393452,1379980597
"79905afb-32ac-4cbf-94a1-6d7f71642d51",23,"US","f",25068,2051,"user",1183652030,1187420505,1360874822
"a9976446-fffc-42b6-9c04-78ec811a7135",35,"US","f",85569,2728,"user",1124036668,1124037721,1356118876
"71d5dfb6-1ffb-4d08-847f-59a39a398219",24,"BR","f",29616,1082,"user",1265090100,1358553853,1265091621
"f0098eff-521c-418c-99ed-41e331cb9ebc",28,"BR","m",15497,1071,"user",1262385739,1354908515,1262386582
"2e012784-528f-4550-b789-a9961ec7a716",24,"FI","m",56260,2561,"user",1149760584,1149760524,1370698320
"9b09e5c7-4641-4f8e-9ddd-97c126ec4218",21,"BE","m",17304,985,"user",1293559084,1378579561,1293559359
"78167926-9bc2-43b6-9131-2c71e2a46e2a",30,"PL","m",36180,1120,"user",1259591725,1259593965,1356301191
"4b7da907-faaf-45d0-a5ab-d7d648821d96",21,"BR","m",71916,3247,"user",1097368004,1176613109,1377899281
"23cee719-b772-46bf-a048-a8f4399574ad",28,"US","f",96868,2137,"user",1193427267,1202012495,1378057209
"4e32353e-eca7-407d-8e5f-4d95ac835c70",40,"DE","f",54321,1802,"user",1211440139,1211525002,1367174405
"38456f4b-cf49-4b47-bbb6-193581fd9665",38,"BR","m",52007,1540,"subscrib",1233946065,1233952199,1367036013
"3a701d8c-4a3c-46b4-996b-c3df677a2c8d",43,"PT","m",15830,1205,"user",1265652181,1265652447,1369761803
"75e1abbb-8191-4b39-b48c-84c45586bdc2",21,"NL","m",55758,775,"user",1312451858,1312452777,1379440633
"dfcbbf2e-edc1-4aba-853a-b14fd827619f",22,"SY","m",28891,1700,"user",1215100963,1215436912,1362027857
"140117c2-f249-4f9f-823c-73f88a854fe1",16,"EC","f",11683,806,"user",1309171274,1309171489,1378752949
"ecf021fd-30ba-47dc-be8e-9dbb36de3d51",25,"DE","m",35712,2787,"user",1133897596,1133906220,1374407946
"a54aa4c6-44cf-4516-8446-f03750c76642",22,"US","m",33969,1275,"user",1255503658,1257191016,1365699931
"397a85c8-19f5-42d9-929d-8e7b5e5f7a7d",22,"US","f",15545,1251,"user",1263443355,1347840681,1263443216
"d25fa385-ab0c-4899-a3fe-6296855e4526",19,"BR","m",41933,1086,"user",1273378688,1278301436,1367209048
"fc02d064-da7e-4d9b-9576-03302eb8a486",27,"BE","m",54890,1724,"user",1201781941,1201783701,1354358888
"65b1dd60-ea6c-401a-b337-8ffdc3b2c305",18,"NO","m",40379,1152,"user",1267913908,1270838627,1367429732
"61920c38-52ee-4005-9cb6-6d311fea4fc2",21,"US","m",81685,1767,"user",1202922364,1202933787,1355623918
"4c82ed29-4e7a-4503-b0a1-8a3272d8d974",25,"FI","m",117002,2530,"user",1144262224,1144263968,1362844122
"dd96b2d1-e074-49b4-93db-14dc6ed9e4f4",26,"DE","m",44843,1159,"user",1271245855,1271246345,1371403047
"4c550c21-6f69-4ed2-9d0a-6628505c826c",18,"PL","m",96177,1182,"user",1269802706,1269803181,1371945896
"8911e9f9-45b0-4dda-ba84-2ab137bd7214",24,"AU","f",12110,962,"user",1296817485,1298773078,1363682824
"08a3bfde-bab0-46f7-ab8a-27c0a87cdbae",25,"RU","m",68388,1549,"user",1223445270,1223642905,1356520134
"c51a0bab-dc21-4a68-a81a-fa078bc66ef8",24,"GR","m",35328,2728,"user",1140527439,1140528721,1375701403
"05751dfe-a07d-439c-93ec-d7e8d3912884",19,"IT","f",35004,1344,"user",1258925833,1259278730,1375027296
"dbc6b5ae-a28a-445a-8c2f-38f02eb487cf",61,"NL","m",156318,2433,"user",1160088903,1160132581,1370171359
"d5f72192-a00d-428e-897e-7c09a14b98ff",20,"RU","m",106877,1198,"user",1276196261,1276198578,1375432513
"2b8be1ad-2819-4fcc-a98a-67e5742c63fd",17,"BR","f",13457,1414,"user",1242686965,1242687577,1364664428
"2cad72a7-66ca-4893-913d-29434f55d1fa",21,"US","f",30462,2649,"user",1129600855,1129605215,1357601927
"4f4908f7-ee97-4dc4-bde6-e1d164fee540",24,"CA","f",42310,2484,"user",1154733862,1154735244,1368859943
"1ae80c09-ac8d-4a42-813a-84083671ec57",22,"ES","n",136056,2496,"user",1155701795,1155734811,1369137386
"efcff21b-5b83-4b0f-9082-2ace277db796",29,"AR","m",62446,2897,"user",1127476530,1127755360,1377217125
"4bbafe9a-42d8-485f-b33e-0d733c404813",24,"PL","f",121272,1573,"user",1235411200,1371201360,1254673238
"ea6b85ec-7bba-4eea-b161-79b9eb7e58fe",19,"BY","m",46134,1716,"user",1217785898,1220095405,1366053085
"b7b457d5-757a-4e83-bb29-25aa77fb1350",21,"RU","m",19035,1170,"user",1260617499,1260617862,1360598241
"f5ccff74-0d70-4e62-85a2-c5cfce3ff6ca",36,"CA","m",66193,2530,"user",1156361905,1188371847,1374941211
"2e8fbe59-5a0e-4e15-96a2-8412b8d7b95c",19,"PL","m",20126,941,"user",1298316225,1298317090,1379525290
"7664660a-861e-4b09-a1a5-6865905497a5",22,"PL","f",37826,2097,"user",1175447633,1175444607,1356008350
"66b9b31c-dd3b-448c-bfcf-0884d39eed55",21,"FI","m",59622,1477,"user",1231090841,1309259908,1358772889
"12aea695-448e-41c7-bbb6-5ebde491b881",20,"BR","m",131675,1931,"user",1183871647,1183868217,1353382800
"e64333f1-99fd-43fe-8d60-6332352be080",23,"BR","m",49970,1861,"user",1197504105,1197522426,1358305306
"7cdcd4ea-b96a-4789-9c01-83613fb82f08",47,"RU","f",153309,1555,"user",1244458739,1251464172,1378868804
"d8e096d0-8216-492a-bc2b-5b09bcef4e4c",24,"BG","m",55146,1976,"user",1202505353,1202507021,1368828641
"c69a2492-b5e7-42a6-ad4f-22fddd9f0e74",24,"US","m",19367,1788,"user",1224182128,1224183367,1378510363
"2e488d39-aa84-41e0-88f2-8c065f575f38",36,"UK","n",42075,3387,"user",1085669897,1108411347,1378217426
"881ed076-1527-45cc-bdba-9d22229185a3",20,"HU","f",31447,1782,"user",1215989107,1216009307,1369783969
"2832fa29-1c08-4a1a-ab7e-755784b09029",26,"US","f",45439,2468,"user",1164631373,1164632013,1377908428
"37399026-d3ee-4fa6-8830-1c9845bf308f",27,"US","n",14573,1293,"user",1267682757,1351539646,1379403091
"703cc3ab-39cf-45ac-9b46-5cdea8fb34ed",22,"BR","m",24530,1034,"user",1290991889,1290992972,1365383412
"296cf344-2169-4616-9ede-63e2cb8a5aeb",21,"PL","m",68238,952,"user",1268468108,1268468354,1353250624
"f4d47b04-ec40-4a34-b74b-20ec8f6da1d2",22,"US","m",103341,1814,"user",1217692247,1217697463,1374330223
"18043a85-df74-43d3-8bd5-78953a7519eb",21,"DE","m",17960,1700,"user",1232905936,1232906228,1379804169
"939f06a8-e945-4d36-89db-b6dbd0ee43dc",23,"US","f",24375,1315,"user",1257654798,1369022656,1258996089
"6fcf16c5-9cd9-47d7-b053-b858ee26c702",30,"ID","m",47072,2497,"user",1140162168,1218306200,1355841825
"83eb5a6c-fe77-47b3-a29d-d407e9ba92e0",22,"US","f",59953,2210,"user",1184784770,1258397642,1375795783
"a892a6da-dcde-429f-84c7-36fbdaa3d1c7",19,"NL","f",22088,1198,"user",1273679698,1377181969,1273680098
"cd386743-99d3-45c6-99cd-b0a2351075ab",20,"AU","f",35760,1453,"user",1246885209,1246887134,1372422125
"a9c4f5f9-393f-48cc-baba-9703be84e126",18,"UA","f",34279,1460,"user",1246985201,1247040393,1373144375
"ab21e71d-a582-4b8c-b625-f7d600fccb77",25,"US","m",31895,1266,"user",1248901807,1248897904,1358303641
"475b9dbd-09c9-46f5-88be-8ea3627c1348",22,"MX","m",14835,1034,"user",1276316385,1276406248,1352128397
"67e608f1-540f-4e52-8fd1-34e02ed8eb65",25,"PL","m",46386,1720,"user",1227555592,1227558871,1376087284
"e9631abe-1309-4eaf-a377-c73fb940ba31",30,"RU","m",144306,2710,"user",1138481871,1138483272,1372684158
"3855a295-a064-47fe-a270-623420a1b9ce",23,"US","m",76477,2800,"user",1126672315,1126675091,1363848061
"08911ea4-df12-4f8d-88cf-46130ddd4ea9",27,"DE","f",9188,843,"user",1304933944,1304931200,1377768995
"666c307d-5824-47e9-ab71-66b3c9abd9e9",39,"CA","m",33476,1586,"subscrib",1231957236,1368829161,1231957252
"b73e86b2-0a44-43a8-bfee-002c8519b916",28,"US","f",57665,2663,"user",1125580769,1125581309,1355607500
"86193fe8-dc06-4183-a5d7-fad130673aae",34,"PL","m",34329,2782,"user",1138752565,1138753601,1379120795
"710f79a6-705d-42e5-a9d3-251b2cf76940",22,"UK","m",35829,2419,"user",1156872784,1365791259,1156873797
"7da31791-d0c4-4456-83c6-2ecf6307baa4",28,"FR","m",38658,2709,"user",1128212969,1108369454,1360084374
"ee111df2-8b34-48ca-b4aa-35699338f1e4",23,"BE","m",129358,1233,"user",1268584857,1268585673,1375169388
"71e109e2-8dfa-45a3-b56f-fcd329735040",21,"CA","m",22932,1151,"user",1268152718,1268153387,1367607615
"50e6e7f8-7aa2-43a8-9507-de1cba96b043",43,"DE","m",49834,1675,"subscrib",1212563839,1212564640,1357228264
"0f87dd0f-5e03-4863-a9c2-58d667dd7a67",27,"US","m",10952,984,"user",1281304810,1281304796,1365189885
"d69fd22a-d2a6-4d60-91bd-1313c3b3a8d3",25,"US","f",114058,2616,"user",1145823487,1145815192,1371743301
"8c7c65fb-5b9e-4ea1-a147-bd938bade5a7",20,"BR","m",28090,1552,"user",1221270622,1355281962,1221274804
"fd1cf870-c893-4edf-b3fd-fef410cc523f",29,"NL","f",110280,1707,"user",1228332670,1365780128,1228350931
"6c95144b-d4f7-4dea-9b6d-5b878d4efd32",27,"US","m",77568,2466,"user",1137617505,1137665742,1354681972
"91c25be9-a94b-4924-875e-4292e0eef0f5",25,"UY","m",137788,1929,"user",1206070016,1206137273,1372751005
"7fb7ee93-25b1-4a1b-adf4-eff40d9083ce",24,"CZ","m",64127,2612,"user",1147955247,1147956084,1373537058
"c106dbd2-90b7-48af-bc89-c4350cccfc09",20,"US","f",22674,1823,"user",1200616625,1200616870,1358117694
"f9eae71c-cfcd-4bd9-84da-aa5dc9d6ce45",25,"BR","m",28727,2041,"user",1198264679,1219530766,1374610152
"9d683095-752a-4e39-971a-0f5fe5598c5d",25,"FI","m",29623,1491,"user",1228234672,1228235034,1357049262
"5b90e4d7-8be4-43b7-9da6-485e6e85b7f8",34,"HR","m",19726,872,"user",1303641108,1303643197,1378635253
"b3a15405-4607-490e-9728-4a89edd943ef",21,"US","f",127336,2853,"user",1129760998,1129792613,1376280989
"bf81370d-efbd-43a6-b48b-7f7551d1201a",23,"RU","m",48484,2694,"user",1117923004,1117923618,1354635389
"9c042bba-e28f-443b-a30d-5d203763f955",23,"UA","m",15485,1032,"user",1286624458,1287490407,1375639170
"1baeaf26-edaa-466a-a863-aa21fb2c78c8",22,"US","m",63573,2671,"user",1132531993,1132533977,1363144213
"e27f1cba-9ced-4466-ad2d-171698d71ca5",35,"UK","m",25156,1996,"user",1201901669,1201903062,1374307272
"f6a87dde-2904-4419-a484-99827167fe1e",24,"FI","f",268564,1360,"user",1233160211,1259440992,1354616797
"1bbc4fdb-caa2-4b08-9a5f-e91cb612516b",23,"PL","f",36729,1745,"user",1204411183,1204413080,1355156896
"1e009f9d-b149-45b9-bb82-1a8b2c0355eb",29,"AT","n",87793,2921,"user",1121718228,1121893816,1373464939
"77026d83-b9fa-43c4-8fc8-6bddbba2704c",24,"RU","f",24725,1410,"user",1247398903,1247425957,1369132940
"f1a39fab-4fb3-4608-bd23-d4abff0e1c78",19,"TR","m",15277,968,"user",1295106199,1299522446,1378293426
"d541d1b7-dd09-46ba-acb9-abc0e210d1a0",25,"HR","f",75741,1384,"user",1242769051,1242770443,1362325692
"440dec2f-3594-4635-b78a-3c8cc4b1503e",23,"CA","f",34519,2400,"user",1164567413,1164567728,1371903967
"0353f7aa-526d-429e-bee0-a7265f5874e1",23,"US","f",20382,1925,"user",1193031668,1193032772,1359095935
"221998e1-5ece-49bf-9b35-f7a1ad3a6209",22,"DE","m",43477,2543,"user",1153235409,1153236301,1371905676
"70b96608-2a53-4065-a244-9bb6a4546713",32,"DE","m",29240,1777,"user",1215073586,1215526815,1368607680
"362eeafe-7fb4-4f6d-b9a4-b7147b6401fb",23,"UA","f",32223,1914,"user",1203959238,1295028575,1369317161
"105f0993-58db-4152-89ec-655263c65049",22,"PL","f",27552,841,"user",1306580048,1379289658,1306656213
"7a683a99-13c0-4fef-8387-61ac71554ab2",24,"DE","m",12215,984,"user",1279355744,1279361002,1363878171
"53126aff-67d2-4f5a-860c-ac29a8a8b365",24,"RU","m",13357,1083,"user",1284567360,1284570672,1376053398
"ededc536-5981-4fa3-b4a1-969ce107d945",25,"RU","m",24410,1191,"user",1267021986,1369947216,1267027341
"139d95b1-89fc-496b-ab2c-1b31e8fe1a7a",29,"NO","m",20711,1869,"user",1197300756,1197301403,1358712512
"61803400-ba93-45bf-a4dd-f9993d1d519b",23,"PH","f",74026,1817,"user",1216474965,1218364181,1373447200
"9c71dc74-8aff-476c-a77a-e76f278058ce",27,"AT","f",12390,1274,"user",1251055784,1251223177,1361117389
"0d7bba39-a829-4108-a227-6a245b543252",32,"US","m",69099,2379,"user",1159762664,1159763103,1365127736
"6d5b27f0-6ff3-41bc-9c23-f440cf91873b",22,"RU","f",17345,1386,"user",1255112253,1255117507,1372691294
"88addc10-da03-4848-9903-1b01a56863e5",31,"IE","m",138544,3190,"user",1095945895,1108340048,1370352952
"0b3543fb-2eb8-4737-8b79-ac856c52aac3",26,"US","m",67767,3419,"user",1077249578,1140551667,1371870085
"7e032c5a-7cb2-4467-b863-39170fd57960",19,"BR","m",29393,1254,"user",1255630357,1257112653,1363192555
"bb0a1e06-d78c-42d4-9e2f-b263c30966f9",21,"PL","m",60255,1763,"user",1218731105,1218734196,1371057152
"89fffd94-04f8-4740-86f7-db5920141a37",25,"LV","m",153313,2742,"user",1143384003,1143384320,1356078719
"a76a155b-5a21-4c4b-a438-b5ee6fe88c8f",25,"US","f",75959,2354,"user",1168581920,1168582336,1370385009
"de0bcfa7-6640-4b3c-b749-d6d3e6cd5a7c",20,"BR","m",19308,1622,"user",1233519472,1360147677,1233520247
"dc42a1a6-909c-4a78-a058-75bccd92f812",28,"PL","f",21003,1679,"user",1227120056,1228751372,1361344697
"ef0059ea-8ab1-4747-b3ed-e979a1aecbc1",26,"RU","m",71492,3122,"user",1101570555,1108371859,1371242188
"f3252a54-a450-4a93-a2ce-67d70c16cfbf",19,"DE","m",22287,1230,"user",1265910936,1265911777,1357693665
"5f198460-bb4e-4004-b620-0a7215b1020b",30,"US","m",65161,2511,"user",1150843723,1247689414,1367544686
"8ba95436-1e89-4de7-bd83-a3e405fcb840",19,"US","f",42864,1489,"user",1244324892,1244345778,1372988080
"7d6eb021-a784-4313-b2a6-27070abb4a66",26,"RU","m",24754,2252,"user",1160162423,1260095619,1354765491
"6f09eccc-7409-48f5-ab47-6983bb75214e",18,"PL","f",21518,1726,"user",1205960895,1205961000,1355050475
"b81eac78-2b69-494c-b2bc-e665dd7f17e9",21,"IT","f",12008,1040,"user",1267538911,1357384630,1267539219
"ba7dad9f-3cb2-4d20-bda1-8c11587e56ce",18,"BR","m",29959,1138,"user",1272753367,1272764572,1371091424
"b9817de3-bc90-45c4-9a87-ecf20ed003b0",27,"US","m",18381,1197,"user",1274136044,1274137072,1377483883
"95d6d2c6-a1a6-46a2-abbc-788370bcf40b",24,"PL","m",25977,1729,"user",1228845536,1377122857,1230212507
"9ba69248-a56e-4203-83a8-1fb194414b7c",24,"US","f",83068,1437,"subscrib",1250355686,1251325500,1374514438
"007a5859-4d67-4211-a131-990fc131fa04",24,"RU","m",193008,2123,"user",1194626424,1194652445,1378064052
"be63aec4-d1b8-47c0-98f6-6c64cce30bcd",31,"US","m",30861,2240,"user",1165828370,1358385021,1165828654
"25e0dc0b-7db9-4737-86c6-51411d106d0d",20,"PL","f",10241,890,"user",1303468725,1303469888,1380392604
"4a3daab5-f264-41ce-965d-b81691770706",31,"US","f",100723,3649,"user",1054001910,1108339421,1369266509
"859dfac3-d43a-4dd5-8ed9-ac2da2249854",28,"BY","m",43098,1117,"user",1273146032,1273145661,1369427829
"0b31eba2-9a17-485e-9cc1-449423d0649d",27,"US","m",48995,3216,"user",1097182611,1112148147,1374881496
"85c8f4ea-01f4-4f2d-8554-effdbf078be8",23,"US","f",29796,1424,"user",1248758381,1248758661,1371799363
"a7622f9e-86f3-4849-a804-0725e863c6e6",20,"RU","f",25205,1342,"user",1262696000,1339542878,1378692431
"f3ddbdbf-68c3-4c81-8891-c5a722ae638a",23,"UK","m",53120,2434,"user",1147515417,1147515608,1357765700
"e6df3e6b-edbc-44e0-9f40-d6db8f842637",23,"RU","m",42514,1629,"user",1234334346,1234336479,1358335601
"ea61862d-f49d-4b72-a530-3a92df70d6ee",28,"CZ","m",42100,2507,"user",1139072856,1139073389,1354885191
"e281caea-d13f-4bbe-8800-78dacf476acd",17,"BY","f",21690,1985,"user",1197750327,1197750448,1369083969
"904fd4fd-ece7-4a7a-a183-57f5f2ab3a8c",21,"PL","f",47575,1050,"user",1281536629,1281707449,1372339389
"256f4612-58bd-4879-89d0-4718a149d32e",24,"RU","m",86393,2510,"user",1155724906,1155740480,1372430548
"dee2242b-962c-47b9-a94a-c0941e59f338",24,"UK","m",21251,2287,"user",1181985237,1181983067,1379067707
"7ea2b329-ccf9-4fda-bc8a-a2e1c5e21e81",31,"US","m",10166,1029,"user",1280806359,1280808026,1369083327
"6982c619-29bd-4ce7-9aee-2166951381cd",21,"US","m",11876,1037,"user",1265613073,1265613961,1355262688
"b0721d6a-e4b8-47c4-9dd0-9e7151e1159b",27,"BR","m",142952,2495,"user",1142882645,1142883126,1355856658
"db65944d-945e-4f2c-a481-35c16a408ebf",23,"PL","f",86317,1253,"user",1248612175,1279122868,1356099294
"ea74e317-f85d-4941-8d8e-9ab19bcde244",19,"PL","m",19432,1211,"user",1251478029,1251505122,1356095224
"3c8c739f-69e9-499e-beda-e8fcb921b3bb",28,"AT","m",36730,2832,"user",1113663933,1113664079,1358365460
"84fe3e82-5966-45a4-9d46-62b3ad38d9d4",18,"DE","m",27962,1056,"user",1284149933,1284150757,1375451997
"8d97d3d9-1d1f-408a-9403-8a64bef1a0c0",26,"US","f",29060,1003,"user",1278818986,1278819713,1365465073
"2e63ef27-f096-429f-ba69-7980bec601da",39,"BR","m",26804,869,"user",1303613406,1362529614,1303614039
"449f5c46-bd3b-4b91-9bdf-b6c61ed64011",6,"JP","n",138861,2130,"user",1189638444,1359104586,1189639539
"32c292d2-7f63-4e3f-be43-6733c04c6ef3",20,"US","m",21562,1487,"user",1249959871,1256678317,1378411496
"ba667763-7106-4b8b-b0dd-ac20ef115299",27,"US","f",43373,2285,"user",1181272027,1181283368,1375828316
"e55f63be-a80c-4b86-8c69-562ca5b862a3",27,"CL","f",67198,2435,"user",1146789243,1146790327,1357016343
"a74c4693-f896-4aae-92c6-1e931733ff38",32,"NL","m",22021,2058,"user",1200079149,1200079462,1377633543
"2ad5a079-2960-46ee-bcb3-a3dabaf08680",16,"PL","f",31860,781,"user",1311800054,1311801464,1379162363
"89aa2c2e-f6a6-41ac-a02c-0854d9851980",28,"US","m",46395,2316,"user",1158267003,1158267758,1358441568
"ab665bd6-4bb0-4a33-87f0-27518705b4f2",23,"PL","f",19855,1618,"user",1231543283,1231547800,1364511650
"6deef7c2-bd60-4bc0-84b0-446595d07f1b",26,"JP","m",58874,1427,"user",1249138180,1249139844,1372424749
"cde0d8db-9a9a-409b-b91e-805be71dea48",20,"US","f",16207,1411,"user",1235006935,1251656841,1354269255
"28cf2fa9-1282-4401-a339-3c854bf06780",25,"CZ","m",95114,2814,"user",1129987153,1129987342,1372887305
"26609a2f-3c16-475d-8dd3-ac24b7633a13",17,"PL","m",14519,1166,"user",1273356962,1273357218,1356794600
"1c7e152c-1ad7-467e-8ed1-51cdf936daea",22,"DE","m",36688,2301,"user",1169487790,1190906218,1368129600
"7c88e461-3a2b-4485-b8bc-5cd3e2aedf59",22,"SE","m",49424,1979,"user",1189545804,1189552985,1359814996
"5d6142c4-b7d1-40d3-b755-ef2b9ef0bba3",20,"BR","m",16131,982,"user",1286816071,1286817768,1350259284
"228761d5-c0e4-43ee-9e94-6dd7eef3dc75",23,"DE","m",8130,1493,"user",1233360392,1233597175,1360255399
"94231436-de6d-4409-8012-7817b3e3aa1c",24,"US","f",17289,1621,"user",1230434227,1230599156,1368971641
"e13078c9-697e-412b-912b-ec78d4067cb7",23,"EE","m",38530,2064,"user",1179843029,1206650262,1358161085
"a662cf8b-c268-4420-961a-272b3b517ef6",20,"SE","f",153958,1662,"user",1219067686,1219080531,1362665233
"4736673d-e9db-4230-97ef-24c8ccf133ac",24,"PL","m",49075,1864,"user",1203175960,1203176565,1364220045
"19ca2c3d-89cf-4fff-afc2-88f36835299a",20,"UK","n",10619,814,"user",1309771324,1312063354,1379929885
"6704873c-cdf3-4807-a10b-c43b45ce59cc",24,"IT","m",10623,1056,"user",1267364321,1267364296,1358683433
"d4bbba31-a9fa-4b59-b260-371b2b5fb1ae",34,"SE","m",48650,2970,"user",1118479594,1375132921,1118487949
"680c843d-51ca-4559-9887-9f5044d15bf8",19,"BY","m",92703,1175,"user",1279029973,1279187821,1380315240
"82f596ca-a1a4-42d8-9cd3-ca431df07034",23,"DE","f",31546,1756,"user",1210782625,1210837585,1360949908
"9f01501a-4057-41c1-a423-77fe60afb256",34,"MX","n",73734,2331,"user",1170697485,1170703733,1357259815
"b80afcfc-c426-45bf-97a0-cb2ff0c23854",29,"US","m",57937,2846,"user",1119899441,1119899974,1365815618
"c0887c81-69ee-48f5-b699-f7f1409f0c8f",22,"IE","m",30444,2430,"user",1165528384,1165600042,1375486289
"71986d2c-ddf9-46aa-84a7-eaccf2e2727e",35,"PL","m",109673,2461,"user",1159121422,1166658300,1371746921
"8db8b6f2-3f4d-4de3-b75a-b88d6be0e791",22,"NL","f",26903,1504,"user",1231845016,1231850922,1354519443
"b82b2f3d-48fe-43c2-92e4-dfc10a3e34a1",39,"SE","m",12812,856,"user",1304604258,1304605355,1378370308
"babd10f9-e84c-4ce3-83b1-c65cabbd8c4b",25,"UK","m",44597,1382,"user",1235905794,1235906856,1355356751
"c2004020-3e08-4abd-b180-fc46bad07098",24,"NZ","n",11722,914,"user",1301266546,1301266805,1380097606
"61917f74-183c-4f19-aa2d-ac9059775d76",27,"BR","m",9732,1064,"user",1288120706,1292351382,1379614672
"b549a614-a9ec-4d95-b930-69304a5f5799",21,"DE","f",54539,2571,"user",1150484863,1150491378,1371564023
"747e8c96-00b8-4a67-abb9-f6aad74cb640",28,"ES","m",57570,2623,"user",1132182193,1132182347,1358807399
"18a0a0ae-24ee-4799-bc32-8d3499748261",20,"BR","m",14709,945,"user",1298840962,1298844829,1380507308
"05395aea-8020-4467-924d-e56cbd87d402",27,"US","m",11289,982,"user",1294838837,1309272148,1379549115
"74f93ad5-4832-4772-9040-6ba1f317c018",19,"AU","f",14229,814,"user",1309195997,1309196316,1379601438
"5fcf744b-d15c-455d-aaf2-5cdffc66471f",25,"PL","m",89751,2475,"user",1147467347,1361311489,1147604323
"a3bd67f5-5c81-4d05-9bd1-325e12b353f3",32,"UK","m",48736,3026,"user",1110599216,1357313115,1174063809
"44e36c62-91aa-4ad4-a93b-a775fb1e69ec",28,"US","m",57232,3175,"user",1083649782,1108345819,1357949968
"750b4579-52c5-492e-b3d6-a43dfc7a4ede",30,"UY","f",40859,1945,"user",1196274430,1196278353,1363478427
"a6d8dc4c-53ac-4983-8733-e8aaab176da8",18,"IN","m",16319,1242,"user",1272090792,1272161188,1378655540
"f1eef14e-b6e9-48da-98ae-61db4ebfead2",30,"RU","m",26385,1877,"user",1203360837,1203364657,1365592821
"5445b366-4c7d-4240-86de-45b3363ad649",24,"PL","f",44792,1917,"user",1209843808,1209901677,1375374142
"9d9d8e6f-2fc3-4114-9923-ab97c1826c71",23,"SI","f",22262,1301,"user",1249754387,1249769270,1362162708
"34d2816e-9a50-4bde-a337-196fa65b7b1b",17,"UK","f",10527,845,"user",1307204119,1307266357,1379772339
"544b0e89-ea55-4e6d-b18d-61737430dab9",18,"CN","f",18486,1256,"user",1269237463,1309390565,1377371455
"055bd066-1252-4f1e-9243-cfbe263dad2b",26,"FR","f",26806,2766,"user",1134847002,1134943670,1373160056
"c59a3cb1-8db7-468f-80af-7a1b28a5761a",23,"RU","m",61114,2487,"user",1162304542,1238358512,1365013993
"8dc41fff-376e-4af5-97f4-7a59f2f7ec7f",25,"MD","m",27775,900,"user",1301322015,1301322653,1379080673
"cfea55a0-e3d5-4754-a5c3-4a52efb3955e",24,"US","f",22244,1844,"user",1195612124,1195612844,1354854482
"7867cc3d-bbd1-48e3-ba0d-6a5e10c65aa5",22,"BR","n",49365,1252,"user",1264904219,1264905282,1366675433
"629bc94d-5fd0-4bfd-bd83-a0a109b46b04",21,"UA","m",49242,1541,"user",1241952092,1247544783,1375023753
"a9a61f71-a322-4c45-870e-83384973fef1",25,"CA","m",36732,1625,"user",1239828843,1265912333,1380242544
"fec55b8d-f44c-44c8-8f27-78551d661710",20,"UK","f",14546,903,"user",1301610825,1301611232,1379357475
"0024170c-3a27-4aa3-a009-9f7c7cb60e08",22,"UK","m",16142,1499,"user",1249657981,1257099323,1378986780
"e6153739-ef2f-4107-9ef2-ea16e659adaa",22,"HU","m",75753,2042,"user",1195865052,1195866005,1372278680
"ad9c3716-1242-467a-8d45-b559d5ffdc10",18,"UK","m",17207,1625,"user",1237397958,1237398162,1377825113
"9f850501-0772-4aed-aaf8-a653fe241f3f",18,"PL","m",25034,818,"user",1280008627,1283888727,1353257223
"f173bb4f-7ba8-40f1-8976-01eba232a572",21,"FR","f",29859,1876,"user",1203859372,1203959098,1365961274
"0a37b90d-a852-4c2f-b6c3-0a42292ce2ab",21,"UK","m",28276,988,"user",1292954367,1292949995,1378365404
"6d23da80-aa10-4980-b727-ab70d6cd89e8",20,"US","m",17841,1402,"user",1233793748,1233799231,1353197934
"1380a844-ab37-48f2-9a98-a315420f11ab",51,"NL","m",22803,1785,"user",1196442971,1205517104,1331472826
"88cf3a7c-2eb1-47ef-9bb3-a7621e911ae9",32,"SE","m",36542,2654,"user",1145152324,1145166601,1353944226
"5ddbe070-0166-4760-9d98-cd2402fa74b7",26,"CL","m",24083,999,"user",1292608690,1292609088,1378924220
"310f0e01-c503-4d39-bf58-aa7c7e6fc44d",26,"UK","m",100697,2894,"user",1107553694,1108392103,1354729670
"1ad3a4c3-1b83-4a2d-9801-74d644906a93",30,"DE","f",29195,2227,"user",1187376453,1188328516,1379274423
"065f3547-1b6c-4ea3-8368-6d472d5298f6",41,"UK","m",22543,2246,"user",1186153212,1186578725,1380208333
"4bb7216a-349d-4062-96a3-29372e04a002",22,"US","f",40607,2204,"user",1177897373,1177977767,1362874542
"bc82dd06-c528-4de9-8930-fafe4841cd3c",22,"DE","m",31093,1558,"user",1237977948,1237978632,1372589537
"baefe12e-4e99-424c-bd15-ca8b82d2240d",33,"NL","m",43257,3120,"user",1105901204,1108339510,1375446752
"0ab222b8-2fd2-4224-a0a0-f3182eba35f1",34,"US","m",68306,2921,"user",1106262136,1108363205,1358622041
"cfadabfd-9b07-4d0f-b13d-fb823e506639",33,"SJ","m",36488,2125,"user",1190472624,1367592028,1190472823
"b7cab4e0-8bdd-478d-a4a0-be820b94a387",29,"US","m",74943,2156,"user",1176243010,1176243231,1362542058
"dc722136-470a-491c-afa8-8f13be0ae2da",32,"CZ","f",12289,1733,"user",1224661559,1224664600,1357726214
"202fc1b4-cc04-45a5-9aba-9fda45a38084",26,"SK","f",25557,2107,"user",1195129900,1195131069,1375033430
"2cfffe68-fef5-42bc-b3a9-f24c1f5af8fa",23,"UK","m",84892,957,"user",1296854494,1296859441,1378994492
"a8beefd9-1ff8-4622-aa04-d4b871dd3ad8",33,"SE","m",41610,2888,"user",1130677613,1130678569,1380133635
"e4543720-9716-4fae-9920-024a420fab45",23,"IT","f",44613,2190,"user",1189009279,1189014911,1378227979
"ca836186-4b20-4e92-affb-41f428a131fc",22,"UK","n",16417,1661,"user",1227728557,1228432906,1370852679
"11c8d087-2a72-44db-8474-3a58ad633f62",22,"RU","m",30892,1862,"user",1189790429,1189843389,1348431558
"17936684-24cf-430a-9514-47e2190036d1",27,"IT","f",46883,2113,"user",1187881613,1187878926,1370450331
"097e3b86-70bc-496e-ae0e-f6028681bdb4",22,"PL","m",180635,1440,"user",1247238247,1247250058,1371651569
"147d5737-b1bf-4ff8-b00d-a1b9aa900b0a",112,"DE","m",46189,2751,"user",1133712153,1133712163,1371396320
"42fb8ddb-d6a4-45a0-9057-7ab5d5139501",25,"US","m",45496,2800,"user",1136594446,1378428721,1136597250
"3e7170d1-4b63-48a7-8c3c-4c60d55b137b",20,"DE","m",9955,1166,"user",1278418718,1278419451,1379003667
"311e6471-533b-442a-b694-605cfb0e3fe3",19,"BR","f",18958,1114,"user",1277512018,1277514769,1354689669
"d95ed1d6-7691-446e-bc5e-06da0c89ae68",23,"PL","m",62973,1288,"user",1261860117,1261861323,1372755977
"c2b59089-41f0-4a30-96c5-c9842ac72939",33,"TH","m",36593,1688,"user",1232686191,1232687356,1377867679
"cfa7817c-61df-4743-b25d-21c7a33e3249",23,"PL","m",25533,770,"user",1312640977,1317469478,1373736502
"005bd17a-ce44-4c67-8377-acec93ad115e",28,"BR","m",32416,3151,"user",1105655525,1180490769,1377901424
"ea7b6d1a-f11c-4bc9-870c-a4be7bd96863",27,"UK","m",34966,1693,"user",1221505859,1367594238,1221506008
"668662d1-6769-4be2-9ffa-957b701f998b",26,"PL","m",40572,2334,"user",1154553692,1154554410,1356091159
"8bc37b45-f905-4ed8-bf80-3b8503658c18",32,"UK","m",12248,2420,"user",1154295325,1266239673,1362330213
"f0b2a222-f169-443f-a6a2-2c1270ada00b",23,"CA","m",138100,2215,"user",1185738397,1185736580,1377132602
"ee516950-0b44-423f-9962-a1e08b14ad9f",21,"SE","m",9049,840,"user",1282659188,1289684294,1355268528
"32bca162-ea14-45af-9777-f3527ee5f9b8",21,"NZ","m",9276,919,"user",1299811266,1299812957,1364078493
"e0b8cfca-a14d-47c6-9d6a-2d7f90b34825",27,"SE","m",109490,1658,"user",1228916395,1372180341,1274154952
"593da585-2732-4db5-9daa-942ba243606f",25,"MX","m",52341,2494,"user",1148863140,1148916928,1361942968
"a6a62876-6b33-4c9e-bf89-ac6a40e9efa1",23,"SI","n",24585,1897,"user",1191680561,1191761255,1355261392
"a9596fe5-9a23-4ab4-96a8-70dc402bd9cd",21,"RU","f",21831,900,"user",1286804123,1294539073,1364489898
"766e4347-6663-4ea2-862a-b66fddbdb15e",22,"DE","m",141465,2043,"user",1174150801,1174153061,1353160642
"c7fd723c-9f99-4c75-8daf-31c2865d142e",22,"US","m",45059,2441,"user",1159579931,1159581687,1370456675
"9ea1ed8f-1cd0-493f-813f-22d86e9b20cc",23,"UK","n",66933,2886,"user",1119788019,1119788171,1369169550
"c1b8c660-5dd6-4387-bd8b-f15671e8eb5a",26,"US","m",51748,2796,"user",1138257742,1138258499,1379829751
"7316e306-5b8e-41ad-9837-8ecbbbe67c77",24,"DE","m",25271,1195,"user",1254986342,1254989980,1358280179
"fd0537dc-3d60-447b-9141-3fdc911f8063",20,"CA","f",29660,2119,"user",1171825369,1171831852,1354162190
"df3d7fd7-9ff2-4ab2-a0a6-158955d23bb6",21,"US","f",15043,1011,"user",1273539669,1273539893,1351057233
"faf97554-e904-45b1-be23-6897f6462493",32,"US","m",47174,2748,"user",1135808163,1135808616,1372788057
"bfdafb00-c175-4fe9-aa14-1014396bd011",22,"AU","f",35058,2215,"user",1182245797,1182325820,1364643113
"76624c03-9cfe-431d-9ad6-6138bb3433f8",15,"CA","m",18469,1464,"user",1237112607,1237113245,1363111734
"6e3c9739-5116-46fb-ad13-3f41b2a24d7d",22,"DE","m",27527,1985,"user",1192981365,1192994063,1359843059
"37b211ff-5b7e-4a4c-8d7d-8a833c51f29b",22,"UK","m",60340,2216,"user",1181483936,1181480508,1372975289
"e78aa910-e97f-4f2d-94f4-a7409c80b4e5",21,"BR","f",58491,1462,"user",1245110949,1245116559,1371257547
"e68e9eb6-5860-4e6a-b32e-ba1c31735ad1",19,"RU","m",16812,1027,"user",1262006436,1266096812,1352476421
"7a79cd38-137a-4814-b86a-1b8165fcf72a",22,"AT","f",10050,831,"user",1285174088,1285240961,1356715377
"2ee84dfa-45fe-4696-895e-4c1752cd8ee2",20,"UA","f",30216,1672,"user",1214513196,1297981983,1358964117
"5cb8cf41-882b-42e9-bb3c-9da706ecd7eb",24,"CL","f",89748,1995,"user",1196800049,1196792899,1358986275
"332ff76b-51b8-43f7-8e1e-ba9423c41a17",44,"SE","m",71026,2355,"user",1166290492,1166290726,1369783068
"f0c23d7f-6ef5-45f8-a393-d5d0c63df975",19,"PL","m",10534,939,"user",1281972971,1281974669,1363112230
"feda3670-a551-4b2b-9276-c70b6d7386bd",28,"UK","m",24457,2366,"user",1150996082,1150996500,1355354630
"b97aed59-e866-458c-9ad3-339fc706028e",20,"AU","f",20429,1845,"user",1195282779,1206890653,1354385055
"b7a39d8f-4ddf-44ac-8862-ef88727afbfd",23,"US","f",9627,1358,"user",1252177444,1252177662,1369090635
"f5d373c2-0a87-4a3f-9608-05a20e99cde8",23,"PL","m",42374,953,"user",1297278978,1297281442,1379650923
"c104a8e9-321f-4ddd-b58f-9b9cdb54a887",30,"US","m",27815,2268,"user",1183847554,1183844515,1368731157
"63366926-92ba-4257-930c-c9405c763ad5",24,"CA","m",51597,2425,"user",1162951102,1162952008,1372450101
"1111c079-4743-4635-b208-9ee96fb12d11",22,"DE","m",104633,2406,"user",1161792069,1161801390,1367363874
"98482d29-5e1f-4fe7-a427-7ef487ae8d0c",20,"BR","f",27470,1739,"user",1214435635,1214613995,1364610559
"f6e0b2f3-26df-4579-a508-73b12f88f4e2",22,"PL","m",39235,982,"user",1293309287,1293310858,1377794727
"257158a2-f8bb-4a62-8c2e-681fdcc12172",34,"PT","m",46562,2709,"user",1124708792,1145537818,1358212732
"e0a7f7d3-b7e8-48f8-9c41-98a844564ed2",32,"US","m",39708,2150,"user",1172694832,1172695998,1358294601
"3f636928-ee01-489a-8500-aab158354c7a",21,"US","m",112000,1221,"user",1270677417,1270677866,1369239805
"1d553d06-d1bc-4490-85a6-d2bfaaa46f41",32,"DE","m",39740,2932,"user",1121360160,1121360235,1371694735
"fecacfec-d86c-455a-a41f-eaf6bbaee8e1",17,"PL","f",95955,863,"user",1304604942,1304605501,1379172372
"3b655a12-a24d-424d-82b6-f92583d947bc",27,"US","m",49015,2658,"user",1129526368,1129526554,1359161499
"66517456-aa27-4a49-9311-aa836ae643bb",33,"US","f",96935,2093,"user",1169920188,1169917774,1354665141
"609ef9de-005e-458e-817e-71afd12b42af",20,"LT","f",27769,2270,"user",1169482724,1169489834,1365624180
"cfba9b07-fb0b-4cf3-8430-723f68509c3f",30,"PL","m",39130,1282,"user",1262628725,1262629620,1372604566
"706a1339-6c43-4252-b1b2-01cff62cfbd9",24,"RU","f",47714,1125,"user",1282990473,1282992648,1380217696
"4d868065-434a-455e-8400-fc0cda409049",30,"BR","m",59637,1633,"user",1219703205,1219706208,1360554270
"ab79a122-01ad-4099-bd1f-9f1130f5e1de",22,"US","m",49784,2033,"user",1181518430,1181515663,1357109560
"d79f17e6-8749-4d1b-818c-c7bae51d8463",3,"LV","m",22641,1649,"user",1235924651,1236009089,1378357430
"bbe56b00-9f92-43e3-a5f3-8c0637e78df1",30,"US","f",70095,2747,"user",1132282168,1134277972,1369613643
"d5b148b5-e3dc-42b1-97a0-f3c20fc7e92c",27,"CA","n",79146,2996,"user",1114636869,1114648850,1373511215
"d025c5e3-d8b2-4b35-8736-068ceee3c121",25,"PL","m",43793,1602,"user",1234555912,1234557229,1367770910
"f9748f97-e848-477b-b134-d856d0d15377",27,"BY","m",70067,2068,"user",1192697461,1192804011,1371297771
"e1a14467-402a-4b46-a9da-a4fec18f2e1a",18,"EE","m",16437,898,"user",1280083254,1290190909,1357187549
"ef618be2-896b-4ac6-a8ce-043f8adbf198",37,"JP","m",161169,2095,"user",1199377074,1199390794,1380394115
"b25969db-d9ae-4671-8e2a-c363f2d11fc5",3,"FI","m",67975,2686,"user",1142200349,1142201021,1374272114
"142a466f-8724-4765-9aed-069f87d7484e",25,"BR","m",63857,2669,"user",1147535739,1377646739,1191856998
"ecc5ed1f-a092-43c4-8110-0f82d6fda4ae",19,"AU","m",42217,1055,"user",1288499659,1288493895,1377662860
"c48a0c09-602c-47cc-ba28-e5db7eed01c9",21,"HR","m",25806,1313,"user",1242902356,1242902514,1356294935
"85d02931-1a9d-4e4c-beb8-d18921c8eb11",24,"US","f",116161,2237,"user",1173321152,1366660403,1173322334
"fe6af9cd-12c1-4783-be4c-154a69cad453",26,"BR","m",43430,1760,"user",1212784799,1212786851,1364814327
"a968286e-63c1-40ac-8a48-9ed254c20eb1",21,"UK","m",10267,1115,"user",1274024494,1274026096,1370304554
"534a6eff-1714-4212-98eb-dcb434e9759d",24,"AR","f",41344,925,"user",1298409886,1298426780,1378238628
"01dd8d3b-12c9-4446-905c-1eeef1232f6d",28,"DK","m",24150,2468,"user",1150646269,1150648880,1363624453
"df22d05c-13bc-445d-b9b5-def4b2287bf5",38,"US","m",67225,2881,"user",1109280269,1358193243,1109287838
"08e895b5-6c02-4433-9449-beda77155998",23,"PL","m",47412,2110,"user",1193325568,1375306488,1193368035
"b630d622-4653-454a-8f9d-8b1993bf6efa",22,"DE","f",52477,1335,"user",1257580881,1257582205,1373005915
"125b3c66-8d1d-48d1-a880-89aa6f4bc6df",24,"BR","m",17618,1351,"subscrib",1261753153,1261777160,1378441770
"794f7f1b-5973-4b15-aa2c-b6e3df53fd91",30,"US","m",25621,2160,"user",1186065486,1186062135,1372560156
"3525ceb7-6de5-4c28-82f3-756333203e56",18,"BR","m",97867,1371,"user",1249259163,1249259447,1367712569
"66395425-056c-4175-a293-1fd47ff4b3f1",28,"PH","f",71268,2183,"user",1168349679,1356862798,1168349850
"b18eb446-ef9d-4372-8a97-8e2634c2611d",20,"PL","m",29559,1179,"user",1257694892,1257695604,1359552455
"5028d82b-e655-4ab8-821b-73ff8fd1c389",20,"FI","f",18018,1816,"user",1205583147,1205586540,1362225141
"2f1fe341-bf25-4587-a11f-b2ab1d15598d",25,"UA","m",102984,2126,"user",1196070026,1379732916,1196070238
"454e4344-ec63-4735-8573-a316917eb573",37,"DE","f",61010,1957,"user",1189576729,1189593271,1358364982
"ba000bcd-578e-4697-9ce7-8a261f7ba568",22,"PL","m",61831,1760,"user",1205170242,1357241302,1205170652
"f7397cf8-751e-499f-b74c-0e60d882b377",32,"US","m",102150,2786,"user",1119208655,1119209076,1359931602
"88971b71-3e2e-4bd2-8ab7-2c1e99186d46",26,"US","m",38007,2520,"user",1158466756,1375452451,1158466969
"6bf930af-ae2d-47ef-ac65-d31034d91bfe",30,"DE","n",22725,1285,"user",1255694226,1366732663,1255695660
"bc26e8c7-0200-4dec-bf1f-2f1cd64a820f",33,"US","f",60208,1137,"user",1277448758,1375729600,1277449331
"ed7a5e03-fc8d-4b7b-908e-a0095b0441e2",19,"NL","f",64470,1382,"user",1231355783,1231356768,1353358793
"e4fe876d-4503-4136-a27f-4e0dfc6b6f91",19,"BR","m",52077,921,"user",1298759051,1298759356,1378346494
"fa5f3ca4-aa8b-4f7d-ac90-bcdf6dfb95b5",24,"US","m",16255,1375,"user",1254221248,1254223380,1372814946
"a2808d52-65da-48a2-b63e-56bf82f9bbbd",24,"US","m",208143,2627,"user",1130698426,1130698721,1357680102
"ca4ab858-4dbe-47fc-b7b8-3ad7734d6303",28,"RU","m",63357,1795,"user",1203295849,1203320448,1358371028
"07fa9216-5ba4-4792-b4b5-3b9b054430e2",19,"UK","m",35073,1316,"user",1261754399,1262715279,1375241513
"46ec8be9-56de-46a1-a54c-76196a53545b",24,"UK","f",48749,2886,"user",1129486661,1129579774,1372778391
"809686ce-8405-43d2-9892-3288d5c63d0f",23,"FR","m",11641,1002,"user",1280246585,1284759095,1366736371
"8f788b72-8cfb-411d-8850-83c84c3b1c2c",24,"TR","m",20199,1157,"subscrib",1267355125,1267355806,1355875645
"95049a0d-cfcd-4583-8e9e-d011a4b6ea32",25,"ID","m",19370,1191,"user",1271516014,1374338897,1271519921
"149de66d-9914-4c38-9237-3da848927de5",35,"PH","f",63400,2763,"user",1122278695,1360987458,1134553326
"12b3d577-6121-4791-ab76-bd9886bfcfb0",22,"AQ","m",22232,1111,"user",1275512707,1275515153,1349071106
"176d3b0b-e66b-4758-a413-fef46ff3cf46",30,"DE","m",54826,1630,"user",1225891908,1226417852,1366793331
"9bedebe9-614d-41ef-b978-9eb8bd046d60",17,"RU","m",50885,1202,"user",1274089103,1377888822,1274096512
"996d287f-cff4-4789-bc36-dc68728eeed1",19,"RU","m",20283,900,"user",1282415757,1282416423,1360163688
"87cbe0c0-7452-451a-a46a-61c0076e20c3",23,"PL","m",50544,1528,"user",1240742776,1240750039,1372583082
"33ac65cb-d2b5-4d3c-ae1f-b75b6c56686a",27,"US","f",36544,1907,"user",1210045900,1210047939,1374719879
"70ebe910-ba21-41a2-9028-f73a4187028a",19,"US","m",34338,1717,"user",1216673591,1216671681,1365054503
"69854a3d-8010-42f9-a401-7271b023e97d",23,"US","n",25106,1180,"user",1271640246,1275106036,1373656463
"b39f259e-310a-42df-a3f1-08d497560801",24,"MX","m",21340,1406,"user",1249008048,1294946794,1369672590
"c7686f65-0528-43f9-b131-7c383ec62e2b",23,"BR","m",151677,2392,"user",1172250735,1172254841,1378955962
"1a00c85c-291e-4733-837a-359153af27ff",31,"AU","m",83194,2236,"user",1179910364,1179919185,1373008418
"687bced5-ab2e-4552-af8d-0d0ea3a13bd3",20,"BH","m",22598,1578,"user",1231161135,1231189040,1350903651
"7f292f98-3160-49f7-a727-6427488fdae0",23,"ES","m",61774,951,"user",1297519743,1297520862,1379754128
"fffa4759-19ef-4b12-9b49-88cff95972cb",22,"DE","f",79985,1975,"user",1196002201,1196002865,1366411742
"5de3ff20-2efc-4d72-976f-47ba7aa6ca04",25,"MX","m",60892,1700,"user",1233279360,1233359250,1379992666
"30feebae-f379-4df0-abfd-18e957bfea3a",19,"PL","m",26108,1185,"user",1261700696,1261701182,1364091040
"2100586e-9633-4433-b508-8ccbe41bea32",42,"US","m",169225,2231,"user",1187268592,1187285456,1380063342
"89ac7a88-e6ec-45c5-a5cb-695a13fe12cd",22,"ES","f",51406,2306,"user",1179568516,1179565161,1378816056
"31911ad6-26b0-4896-9815-7759e2cc606e",21,"PL","f",49554,1359,"user",1244624785,1250802444,1362032971
"c9e3d122-1ab9-4723-bf9d-8337e062fcb0",101,"US","n",37881,2668,"user",1143838515,1143839327,1374296677
"23700b88-3e22-41c9-a0fa-c29d4e02aa1f",29,"FI","m",196193,2501,"user",1134596599,1134597323,1352091799
"ab25daaa-50ab-43b9-af29-aaa437201aca",110,"DK","f",61692,2355,"user",1165863208,1165864645,1361391552
"0a7c4f62-a9a5-46b4-9003-4ec7c8d0d208",25,"PL","m",442443,2521,"user",1159657947,1160849119,1377502276
"253b52aa-4366-4ee4-9388-955ae598f9ba",20,"RU","f",50239,2041,"user",1199978081,1253296939,1376340609
"7cb9932f-d27d-41ec-ae69-2e4b7b444ccb",27,"UK","m",18160,1576,"user",1235557287,1235561568,1371656166
"2e003b08-b601-4f39-b1af-7cf42d0bee0c",28,"RU","m",44784,1808,"user",1201945151,1358031426,1201945520
"34159917-b2a9-4ffe-9e6a-4c51264893cc",24,"ES","m",153815,2519,"user",1159733887,1159738154,1377021098
"4985f682-b3f1-40b0-b0a1-5bf4ac6f7702",23,"BY","m",48373,1639,"user",1215076335,1216692652,1356610799
"81f7ad6f-fc77-4bd4-b171-6181b483986b",35,"CH","m",72345,2042,"subscrib",1189620098,1189621036,1365935007
"accd1571-4dba-45fa-b058-2bf337ae08e0",15,"US","f",10914,804,"user",1309291617,1310149947,1378753655
"f7834aa9-0421-4e52-9973-4e2aed876b3b",29,"BE","m",65133,3109,"user",1101349960,1108377188,1357722765
"90da1342-cbad-4dd6-bffc-71f5bbd86115",29,"US","m",49845,3088,"user",1110690068,1110853845,1377279102
"ad8d85d9-c73d-40f3-b295-b0417dc71c27",19,"RU","m",65551,1045,"user",1279544156,1279606461,1369907524
"1ed255f9-2c40-494d-b1d8-fa04a58b97b5",29,"US","f",22043,2186,"user",1169782436,1221275765,1357866867
"39ee11e3-b508-4231-8520-eef489a81d42",28,"BR","m",67253,2490,"user",1143752355,1143754290,1358883540
"bd9662ea-3fae-41b3-b9b0-87276aacb75f",29,"US","m",41196,2133,"user",1187638701,1187635395,1371419500
"72f3730a-ea95-4b92-ba4c-7ad84a342227",21,"FI","f",11677,885,"user",1281816877,1282048852,1358336615
"cce29975-d411-46a8-b565-4ad76c750df8",30,"UK","m",35773,2653,"user",1146417604,1146454104,1373249086
"61c7da46-913a-4b20-bc8a-458fcccdd863",32,"RU","m",66089,2239,"user",1184416864,1184413337,1377871924
"d3ff1f60-714b-49c5-b028-9821c354ddc0",18,"PL","f",16380,828,"user",1306265733,1306274254,1377816929
"c5c98e99-ac76-42f5-b59a-db9c72ad7c32",22,"SK","m",29358,1742,"user",1210697582,1210698078,1361143512
"7b6e6d39-f3ed-4433-9736-e1c674b211ea",24,"DK","m",11551,1525,"user",1240861373,1240909754,1362404145
"77f1e188-13f8-4dbc-adb8-df96e51cfef3",32,"SE","m",84360,3014,"user",1097244461,1108399669,1357307199
"b7317875-283e-46cf-8cf3-73bccd848492",24,"PT","n",63994,2639,"user",1144091493,1144091970,1372115329
"b6d361c2-effc-4b92-ae31-b9a414d53d12",22,"BY","m",20993,1022,"user",1283938530,1283938837,1347311719
"eb783f81-c531-4be0-9a11-cb924e28cb6a",33,"CZ","m",185184,2570,"user",1152964791,1152965167,1374868131
"1b7ec593-4f9d-4dda-9608-c5a88d512e3c",22,"US","m",13104,1004,"user",1293558534,1293560331,1372863386
"ae35c921-f54a-4b00-9173-c91705ca5f43",27,"CA","m",38931,1485,"user",1230493580,1358816449,1230493459
"2823f718-efec-4f3e-a9e6-0346eef7a462",24,"PL","m",47110,1775,"user",1202384160,1202384614,1348510470
"530fb880-06b6-4dc4-aba8-09ec0131a9db",22,"SE","m",55729,1552,"user",1237130791,1237131265,1371157465
"eef25cb8-9826-4659-9d1d-1f58067972fb",25,"SE","m",33455,1496,"user",1245066469,1245066753,1374311857
"a854d1ab-1cfd-4b49-9ac3-72e4ca1e9191",19,"LV","m",12169,936,"user",1269898266,1269898743,1348354984
"73336c3d-bbc4-4f65-b95c-d7e9198e0cba",26,"PL","f",30182,1191,"user",1255379426,1321011917,1358290321
"a032c31b-b115-46c7-a817-9c1e36bc1db2",20,"TR","n",20284,1753,"user",1221328409,1221384205,1372842043
"7f2bf816-f8b6-4f6e-8a21-f82742fb6c78",19,"NZ","f",18937,1700,"user",1219297055,1289356031,1350908840
"ef11fe3d-1355-4e79-9777-3827b60a73b0",22,"UA","m",24749,1265,"user",1269723634,1269723895,1378999192
"8f9385c1-05b8-46c7-b0cf-0a3b3a4ab25f",25,"UK","f",177404,2826,"user",1123268014,1126641019,1367421094
"5a3545bd-8719-46b1-a8ed-6b013fdb7e4a",31,"US","m",47786,2642,"user",1147373326,1147374711,1375711547
"5348295c-5fe3-4910-b327-74ca3cc5eb5d",20,"PL","m",43335,1991,"user",1195848482,1367860767,1195849312
"4c720e34-7c52-4450-9ad8-13edb36c20e0",25,"US","m",66276,2705,"user",1141353110,1141355689,1374894654
"0358a82b-4cb2-4b8f-8bf6-33407cb366ce",31,"DE","m",40502,1983,"user",1195669606,1195670522,1366965925
"dcdc81d8-e730-4cc4-9e25-2f725bc5fade",32,"JP","f",62491,1618,"user",1221057882,1221478846,1360791039
"0a3ff0e3-cac2-4629-841d-701f81f825fc",22,"US","n",116082,2976,"user",1101421252,1108339589,1358485357
"34bf8508-c7ce-4084-bc22-751ed7ac11d1",23,"EE","m",46487,1503,"user",1239912648,1239913093,1369846715
"49b05672-2141-4a41-9f72-112071b64e3c",25,"NL","m",84441,1724,"user",1226478941,1226508564,1375300278
"bd2da7b8-c7eb-4c50-a546-391f63e2a38c",25,"US","f",8957,867,"user",1280031172,1280031603,1354932259
"da4eceaa-eb94-45bd-8430-36cd9c00a1a2",20,"PL","f",21172,1077,"user",1269450881,1269530851,1359246933
"5f44fe6a-fd73-42c6-b210-c734034af230",42,"US","n",26568,1738,"user",1219463703,1219464413,1369507806
"9da88a36-71c2-416a-8128-8efb17b0b8cc",21,"UK","m",70398,1753,"user",1216245548,1216246474,1367688664
"e967ce54-c117-48ae-a96d-39f18313dfba",29,"US","m",39843,2941,"user",1106889233,1108347305,1360962783
"2ca8265e-d2f0-4967-b4c2-b2fa99d525db",22,"GR","m",22344,1181,"user",1275995425,1275995517,1377885620
"fec8985b-2d13-4dd9-9038-2501c92b030a",26,"BE","n",18458,1643,"user",1231278470,1231279522,1351337249
"9d53de46-248c-4591-9f1d-beb89fd54990",28,"CZ","m",126093,2385,"user",1151835737,1151845245,1357909211
"99cb0a2c-56d5-4989-b091-2f7853ab76dc",23,"PL","f",78827,1497,"user",1221386453,1221394784,1354277022
"3fbf80ad-c92c-4e65-bb17-1cb32b434428",24,"GR","m",15606,1025,"user",1287572545,1287585941,1376171567
"b64e32c5-f461-4bb7-b575-e74f3ca114bb",19,"RU","m",19564,863,"user",1303723318,1303723817,1376751634
"a1a68c5c-7d49-4572-94ed-6c324639be4e",22,"IN","m",21621,1659,"user",1236929222,1380251927,1236929279
"1fefa106-b425-446b-9a2b-420e1d4638cf",18,"BR","f",14711,1174,"user",1268872507,1268885711,1367466057
"882ab466-c716-4d97-9500-24ba26ccd393",26,"NL","m",44943,2094,"user",1189501313,1189499745,1370172318
"f1db57a8-9b67-4af7-96b6-8cf81fd6049a",23,"PL","m",180374,2223,"user",1180718350,1181766163,1372799547
"fcc99731-c153-4e5d-961b-4425f30923ef",22,"UK","m",23038,1159,"user",1268584378,1268585071,1354103277
"27896df7-6d70-486e-a5cc-afbd69514995",39,"SE","m",60002,3010,"user",1113570193,1113572053,1373616686
"ab76df72-96cf-4b1a-bdad-22f7ea528e0b",21,"RU","m",74264,1950,"user",1188295211,1191079415,1356772426
"41ea58b8-af6b-4445-bc46-46819ad8b53b",21,"HR","m",39483,1070,"user",1273278581,1273279463,1365522102
"b44b128e-bfcb-4b93-a21d-d381132387ae",22,"AT","m",47733,1597,"user",1232455873,1232816462,1370428550
"546f6876-0783-40a7-b53b-ed06535e089a",28,"HR","m",10562,840,"user",1306081497,1306082075,1370859480
"178f12f2-b72f-40fa-864d-5fa8c9b50661",34,"CZ","m",57871,2874,"user",1131627232,1144904814,1379957052
"7c9aef2f-1405-4940-9dbe-0890bb2f7f1a",38,"NL","m",193700,2915,"user",1122394718,1122455478,1374267447
"8c738bad-3ac4-48be-a981-d234346d10b2",28,"US","m",43125,2342,"user",1155781567,1248822060,1358041278
"feee4407-3641-44cb-9667-982918c10f86",20,"JP","n",64910,1237,"user",1265846565,1265846768,1370682229
"3a8dc64f-15b9-48ff-9820-2d6cc7d79743",30,"UA","f",38933,2242,"user",1180600067,1180692412,1360923983
"238566f5-47ca-409b-98ae-ddd654888495",17,"RU","f",12551,965,"user",1294488085,1294653642,1377873843
"53e6a9ee-e8a2-4b83-b09f-0fe84d4bfb40",31,"ES","f",18079,1431,"user",1232298209,1232302920,1347248201
"27f3bbea-f8c4-4785-8703-4a9e37c4fa28",22,"RU","f",35318,1815,"user",1213717144,1213719613,1351338165
"be7dda69-1eba-4061-ae5f-96276cc94fad",17,"UK","f",13109,1649,"user",1231705244,1283089614,1373473344
"79bf706c-e734-4123-89da-2b2d8920c321",21,"UK","m",137847,2694,"user",1139084678,1139085370,1371921509
"152603c2-ceb8-4842-b6d4-8c06d7edb471",24,"UK","m",54801,1421,"user",1241909481,1243459491,1364416297
"a71a6370-186b-4e58-ad52-a31f81ad260d",29,"DE","m",63654,2753,"user",1138190322,1375911956,1138194858
"bfe990f5-1157-492b-b447-f0f512e343e7",23,"FR","f",22753,894,"user",1285794218,1285875298,1362418142
"c8d9b2a9-37d9-4123-b2f3-6c312a8ee555",30,"RU","m",70542,2094,"subscrib",1191277320,1191277498,1372204646
"9e324ab8-dd13-4a55-ae08-1bf4c01756d7",18,"PL","f",22195,1397,"user",1252416121,1256415859,1372711707
"641618bd-091c-4170-8ecd-1ba2e3d6b872",24,"AE","m",8368,1541,"user",1224346047,1224369785,1357068773
"70caa8fe-e6ef-460d-be13-9c6a0e51673a",17,"BR","f",11883,1558,"user",1238019833,1249061071,1371509172
"bc8788a3-8d50-4457-9ec3-f8ce6fe1bfd3",20,"NL","f",51146,1668,"user",1228302068,1228323400,1372419039
"0f554a06-14d8-4009-b3c0-007807cce1a5",29,"BE","m",37885,2120,"user",1175210203,1180903637,1358439699
"d1f7992c-01db-43ce-b9ac-e79f0916979c",21,"FI","f",11467,748,"user",1314190135,1314191066,1378837070
"17c7d6a8-e82b-4335-baa0-d0c7931b2dfa",19,"CZ","m",26535,1469,"user",1223841450,1354402814,1223923468
"2bf90d2b-c80d-46cd-be50-af5d0ca10de1",22,"FR","f",20854,1416,"user",1240657400,1240657599,1362956584
"ec593563-0c67-433b-83bb-986dd9a34dad",39,"IT","m",98040,2385,"user",1169447491,1375522877,1169479165
"7f9c44b5-6b3c-4689-adf8-72ad2aeb16b4",26,"PT","f",46827,1988,"user",1195042667,1195043083,1351947027
"054a6b63-d52a-42f5-bca2-fed2f5b60b10",34,"DE","m",71092,2764,"user",1136456964,1375279020,1136461187
"b024c1d0-efb1-40ff-840b-f1f82cf370d8",20,"UK","f",68352,1611,"user",1227444841,1227638845,1358387573
"8cf042ed-0734-4656-a962-6ece0209e9e8",29,"BR","m",45461,2283,"user",1183076952,1183076782,1379950761
"359c1716-e0b8-4ab3-b9cc-185bacafdecc",24,"KR","m",39997,2629,"user",1149250284,1149251163,1376302735
"98236ee8-d50a-4b45-a6f1-8747a43b005e",14,"BR","f",47271,965,"user",1295896396,1297032107,1379230000
"ec8cd3e5-5556-43ab-910d-2f02f1581564",18,"BR","f",20459,2001,"user",1184450183,1326384242,1357393706
"36c9c9b0-b686-4f2c-8440-328d7630987f",26,"DE","n",50926,1850,"user",1190897690,1190901838,1354382556
"ff9af41e-a249-4e66-9793-663932685d32",28,"RU","m",15031,1297,"user",1257001364,1257003726,1369089752
"e0170bf8-1582-4294-8060-613d2500d7ea",41,"PL","m",45822,1515,"user",1227954570,1227947521,1358924049
"0e7ba41e-2783-4557-b761-349b4b278d82",113,"FR","m",59730,1161,"user",1271801048,1271798223,1372169309
"f743aa35-e965-4c4d-967c-6ca01ace1fcf",34,"NL","m",47539,3004,"subscrib",1091169841,1121703217,1354128116
"6e5fc437-41f5-40f1-a65f-abfa73354ff5",23,"CL","f",71378,2204,"user",1175805282,1175803819,1366228909
